"coefs","std","lb","ub","coef_names"
0.523789924703484,0.165824078344131,0.198774731148988,0.84880511825798,"(Intercept)"
-0.156584762198364,0.040707701261181,-0.236371856670279,-0.076797667726449,"normed_effortAll"
0.561356348447171,0.0628673560724441,0.43813633054518,0.684576366349161,"expTime1"
0.441401702075774,0.035528068139659,0.371766688522042,0.511036715629506,"normed_segSize"
0.327085046812009,0.0404898546056553,0.247724931784925,0.406445161839094,"normed_segCentDist"
-0.0059921380452723,0.033548743456978,-0.0717476752209491,0.0597633991304045,"normed_intDiff"
0.132508198186434,0.0624774457195247,0.0100524045761651,0.254963991796702,"normed_effortAll:expTime1"
