"coefs","std","lb","ub","coef_names"
1.70853893732621,0.251626395732401,1.2153512016907,2.20172667296172,"(Intercept)"
-0.345977702166592,0.0597137174284312,-0.463016588326317,-0.228938816006867,"cutNo"
0.412013128952264,0.144567560526666,0.128660710319999,0.69536554758453,"expTime1"
0.357405098986567,0.0315196320899966,0.295626620090174,0.41918357788296,"normed_segSize"
0.18503238243043,0.035305474026461,0.115833653338567,0.254231111522294,"normed_segCentDist"
0.00460893114242287,0.0294259263687768,-0.0530658845403797,0.0622837468252254,"normed_intDiff"
0.0592524334264962,0.0406682306280552,-0.0204572986044921,0.138962165457485,"cutNo:expTime1"
